USE tv;

-- Insertando valores en la tabla CANAL con más registros y valores NULL
INSERT INTO canal (id, nombre, pais) VALUES
(1, 'Canal Noticias', 'Espana'),
(2, NULL, 'Mexico'),
(3, 'Canal Deportes', 'Argentina'),
(4, 'Canal Entretenimiento', 'Chile'),
(5, NULL, 'Colombia'),
(6, 'Canal Infantil', 'Peru'),
(7, 'Canal Educativo', 'Venezuela'),
(8, NULL, 'Ecuador'),
(9, 'Canal Documentales', 'Uruguay'),
(10, 'Canal Cine', 'Brasil'),
(11, 'Canal Musica', 'Espana'),
(12, NULL, 'Mexico'),
(13, 'Canal Viajes', 'Argentina'),
(14, 'Canal Historia', 'Chile'),
(15, 'Canal Ciencia', 'Colombia'),
(16, 'Canal Extra 1', 'Peru'),
(17, 'Canal Extra 2', 'Venezuela'),
(18, NULL, 'Ecuador'),
(19, 'Canal Extra 3', 'Uruguay'),
(20, 'Canal Extra 4', 'Brasil'),
(21, 'Canal Extra 5', 'Espana'),
(22, NULL, 'Mexico'),
(23, 'Canal Extra 6', 'Argentina'),
(24, 'Canal Extra 7', 'Chile'),
(25, 'Canal Extra 8', 'Colombia'),
(26, NULL, 'Peru'),
(27, 'Canal Extra 9', 'Venezuela'),
(28, 'Canal Extra 10', 'Ecuador'),
(29, 'Canal Extra 11', 'Uruguay'),
(30, 'Canal Extra 12', 'Brasil'),
(31, NULL, 'Espana'),
(32, 'Canal Extra 13', 'Mexico'),
(33, 'Canal Extra 14', 'Argentina'),
(34, NULL, 'Chile'),
(35, 'Canal Extra 15', 'Colombia'),
(36, 'Canal Extra 16', 'Peru'),
(37, NULL, 'Venezuela'),
(38, 'Canal Extra 17', 'Ecuador'),
(39, 'Canal Extra 18', 'Uruguay'),
(40, 'Canal Extra 19', 'Brasil'),
(41, NULL, 'Espana'),
(42, 'Canal Extra 20', 'Mexico'),
(43, 'Canal Extra 21', 'Argentina'),
(44, 'Canal Extra 22', 'Chile'),
(45, 'Canal Extra 23', 'Colombia'),
(46, NULL, 'Peru'),
(47, 'Canal Extra 24', 'Venezuela'),
(48, 'Canal Extra 25', 'Ecuador'),
(49, NULL, 'Uruguay'),
(50, 'Canal Extra 26', 'Brasil');

-- Insertando valores en la tabla CATEGORIA con más registros y valores NULL
INSERT INTO categoria (id, nombre) VALUES
(1, 'Noticias'),
(2, NULL),
(3, 'Deportes'),
(4, 'Entretenimiento'),
(5, NULL),
(6, 'Infantil'),
(7, 'Educativo'),
(8, 'Documentales'),
(9, NULL),
(10, 'Cine'),
(11, 'Musica'),
(12, 'Historia'),
(13, 'Ciencia'),
(14, 'Misterio'),
(15, 'Tecnologia'),
(16, 'Realidad Virtual'),
(17, 'Viajes'),
(18, NULL),
(19, 'Salud'),
(20, 'Cultura');

-- Insertando valores en la tabla PRODUCTORA con más registros y valores NULL
INSERT INTO productora (id, nombre, pais) VALUES
(1, 'Productora A', 'Espana'),
(2, NULL, 'Argentina'),
(3, 'Productora C', 'Mexico'),
(4, 'Productora D', NULL),
(5, 'Productora E', 'Chile'),
(6, NULL, 'Colombia'),
(7, 'Productora G', 'Venezuela'),
(8, 'Productora H', NULL),
(9, NULL, 'Uruguay'),
(10, 'Productora J', 'Ecuador'),
(11, 'Productora K', 'Brasil'),
(12, 'Productora L', NULL),
(13, NULL, 'Peru'),
(14, 'Productora M', 'Paraguay'),
(15, 'Productora N', 'Bolivia');

-- Insertando valores en la tabla PROGRAMA con más registros y valores NULL
INSERT INTO programa (id, titulo, canal_id, categoria_id, duracion) VALUES
(1, 'Noticias al Dia', 1, 1, 30),
(2, 'Deportes Hoy', NULL, 3, 45),
(3, 'Cine Nocturno', 10, NULL, 60),
(4, 'Documentales Impactantes', NULL, 8, 50),
(5, 'Programacion Infantil', 6, 6, NULL),
(6, 'Ciencia y Tecnologia', 7, NULL, 40),
(7, NULL, 9, 9, 55),
(8, 'Mundo Animal', NULL, 8, 35),
(9, 'Tendencias', 4, NULL, 25),
(10, 'Cocina Creativa', 5, 10, NULL),
(11, 'Realidad Virtual', 15, 16, 20),
(12, 'Viajes por el Mundo', 13, 17, NULL),
(13, 'Historias de la Historia', 14, 12, 30),
(14, 'Explorando la Ciencia', 15, 13, 40),
(15, 'Cultura Global', NULL, 20, 50);

-- Insertando valores en la tabla PUBLICIDAD con más registros y valores NULL
INSERT INTO publicidad (id, empresa, producto, duracion) VALUES
(1, 'Empresa A', NULL, 30),
(2, NULL, 'Producto B', 20),
(3, 'Empresa C', 'Producto C', NULL),
(4, NULL, 'Producto D', 15),
(5, 'Empresa E', 'Producto E', NULL),
(6, 'Empresa F', NULL, 25),
(7, NULL, 'Producto G', 10),
(8, 'Empresa H', 'Producto H', NULL),
(9, NULL, 'Producto I', 30),
(10, 'Empresa J', NULL, 20),
(11, 'Empresa K', 'Producto K', NULL),
(12, NULL, 'Producto L', 15),
(13, 'Empresa M', 'Producto M', 10),
(14, NULL, 'Producto N', 20),
(15, 'Empresa O', 'Producto O', 30);

-- Insertando valores en la tabla ESPECTADOR con más registros y valores NULL
INSERT INTO espectador (id, nombre, edad, pais) VALUES
(1, 'Juan Perez', 25, 'Espana'),
(2, NULL, 30, 'Mexico'),
(3, 'Carlos Gutierrez', 27, NULL),
(4, 'Ana Lopez', 35, 'Argentina'),
(5, NULL, 28, 'Chile'),
(6, 'Pedro Suarez', 22, 'Colombia'),
(7, 'Maria Gomez', NULL, 'Venezuela'),
(8, NULL, 40, 'Uruguay'),
(9, 'Luis Fernandez', 29, NULL),
(10, 'Carmen Ruiz', 33, 'Ecuador'),
(11, 'Javier Martinez', 26, 'Brasil'),
(12, NULL, 31, 'Peru'),
(13, 'Sofia Ramirez', 34, 'Paraguay'),
(14, 'Fernando Torres', NULL, 'Bolivia'),
(15, 'Raquel Fernandez', 27, NULL);

-- Insertando valores en la tabla OPINION con más registros y valores NULL
INSERT INTO opinion (id, programa_id, espectador_id, calificacion, comentario) VALUES
(1, 1, 1, 5, NULL),
(2, NULL, 2, 4, 'Buen programa'),
(3, 3, 3, NULL, 'Muy entretenido'),
(4, 4, NULL, 3, 'Interesante contenido'),
(5, 5, 5, 2, NULL),
(6, NULL, 6, 5, 'Muy bueno'),
(7, 7, 7, NULL, 'Regular'),
(8, 8, 8, 4, NULL),
(9, NULL, 9, 3, 'No esta mal'),
(10, 10, 10, NULL, 'Lo mejor en television');

-- Insertando valores en la tabla GUIONISTA con valores NULL
INSERT INTO guionista (id, nombre, experiencia) VALUES
(1, 'Guionista A', 10),
(2, NULL, 5),
(3, 'Guionista C', NULL),
(4, 'Guionista D', 7),
(5, NULL, 12);

-- Insertando valores en la tabla PRESENTADOR con valores NULL
INSERT INTO presentador (id, nombre, edad, especialidad) VALUES
(1, 'Presentador A', 40, 'Noticias'),
(2, NULL, 35, 'Deportes'),
(3, 'Presentador C', NULL, 'Entretenimiento'),
(4, 'Presentador D', 45, NULL),
(5, NULL, 50, 'Documentales');

-- Insertando valores en la tabla EMISION con más registros y valores NULL
INSERT INTO emision (id, programa_id, fecha, canal_id) VALUES
(1, 1, '2025-02-17', NULL),
(2, 2, NULL, 2),
(3, 3, '2025-02-18', NULL),
(4, NULL, '2025-02-19', 4),
(5, 5, NULL, 5),
(6, 6, '2025-02-20', NULL),
(7, NULL, '2025-02-21', 7),
(8, 8, NULL, 8),
(9, 9, '2025-02-22', NULL),
(10, NULL, '2025-02-23', 10),
(11, 11, '2025-02-24', NULL),
(12, NULL, '2025-02-25', 12),
(13, 13, '2025-02-26', NULL),
(14, 14, NULL, 14),
(15, 15, '2025-02-27', NULL),
(16, NULL, '2025-02-28', 2),
(17, 3, NULL, 3),
(18, 4, '2025-03-01', NULL),
(19, NULL, '2025-03-02', 4),
(20, 5, '2025-03-03', NULL),
(21, 6, NULL, 5),
(22, NULL, '2025-03-04', 6),
(23, 7, '2025-03-05', NULL),
(24, 8, NULL, 7),
(25, NULL, '2025-03-06', 8),
(26, 9, '2025-03-07', NULL),
(27, 10, NULL, 9),
(28, NULL, '2025-03-08', 10),
(29, 11, '2025-03-09', NULL),
(30, 12, NULL, 11),
(31, NULL, '2025-03-10', 12),
(32, 13, '2025-03-11', NULL),
(33, 14, NULL, 13),
(34, NULL, '2025-03-12', 14),
(35, 15, '2025-03-13', NULL),
(36, 1, NULL, 15),
(37, NULL, '2025-03-14', 1),
(38, 2, '2025-03-15', NULL),
(39, 3, NULL, 2),
(40, NULL, '2025-03-16', 3),
(41, 4, '2025-03-17', NULL),
(42, 5, NULL, 4),
(43, NULL, '2025-03-18', 5),
(44, 6, '2025-03-19', NULL),
(45, 7, NULL, 6),
(46, NULL, '2025-03-20', 7),
(47, 8, '2025-03-21', NULL),
(48, 9, NULL, 8),
(49, NULL, '2025-03-22', 9),
(50, 10, '2025-03-23', NULL);

INSERT INTO programa_presentador (programa_id, presentador_id) VALUES
(1, 1),
(2, 3),
(3, 4),
(4, 5),
(5, 2),
(6, 1),
(7, 4),
(8, 3),
(9, 2),
(10, 5),
(11, 1),
(12, 2),
(13, 4),
(14, 5),
(15, 3);

INSERT INTO programa_guionista (programa_id, guionista_id) VALUES
(1, 2),
(2, 3),
(3, 1),
(4, 4),
(5, 5),
(6, 2),
(7, 3),
(8, 1),
(9, 4),
(10, 5),
(11, 2),
(12, 3),
(13, 1),
(14, 4),
(15, 5);

INSERT INTO programa_publicidad (programa_id, publicidad_id) VALUES
(1, 1),
(2, 2),
(3, 3),
(4, 4),
(5, 5),
(6, 1),
(7, 2),
(8, 3),
(9, 4),
(10, 5),
(11, 1),
(12, 2),
(13, 3),
(14, 4),
(15, 5);
